client_id,score
4434,0.0002694653625145197
607,0.9958834166630863
2711,0.0004717801993107581
2839,0.038332523644015334
3547,0.7784722111033565
6857,0.024522477446268422
2409,0.0027037034475649487
813,0.0015112152165333633
4936,0.02849902746210259
4598,7.731383665323489e-05
2363,0.010257866048923566
234,0.08776958647436052
53,0.0007957001281254214
4515,0.013220337916010457
8114,0.0003242391421648061
3395,0.02583548285835062
3488,0.032332279512471813
3236,0.17574706589813494
3537,0.8911953480235955
952,0.006863298592202232
5451,0.0024352200453788488
6412,0.009277882212167571
8065,0.000316441932189074
2719,0.0060590667858667685
2020,0.00013314498975348728
1690,0.023814154747294498
1046,0.03673038939536716
2548,0.0014673196538077756
1508,0.0011704447676053951
3114,0.006058612225972614
2481,0.02889145452716138
5193,3.8448948572778046e-05
2454,0.0012678858013018756
3036,0.01805990667089052
5286,0.0040927546538337455
565,0.0019928545115795297
4921,0.002070313336247735
7010,0.027512144557425077
3495,0.00457064832048381
2974,0.019107044949630673
2869,0.004212707472681011
2102,0.0018088115809271966
6114,0.0009276931191043114
3476,0.003807150840023151
321,0.010145293252930959
2072,0.054369294097417205
4708,0.00911975252542007
6863,0.007121453784559374
1580,0.002586650017812963
4224,0.08184230941352284
3289,0.002652271777331829
2116,0.0017445875944005341
1180,0.23298418574780133
7816,0.00042449646532885
2283,0.0014380225017835721
2256,6.407754236602449e-05
3331,0.0004365487559205882
164,0.004304688463477436
1450,0.0004678734138022948
1596,0.9907983905460814
2073,0.037821013823426564
1534,0.01462673557456449
60,0.005242072990599508
4077,0.0015362297982038564
4431,0.317793370585967
2796,0.012871121360961798
537,0.004672665173415765
2796,0.012789906804368197
3994,0.38102200502327505
4771,0.0006894514801235509
916,0.008544355363736537
2373,0.0007032124106120212
1869,0.006238653055709092
4320,0.0005425417788034216
4596,0.0015676162670828124
1375,0.00557627642092814
4225,0.0018990889504102474
673,0.000800418917093539
6236,0.0026533321523708573
6168,0.014426688732412145
1427,0.0123057478865911
3525,0.001496948750779449
5772,0.0025248199143667223
6491,0.0415695201187747
340,0.0017757104384960446
5697,0.009809132961475783
4176,0.012839219782865535
4453,0.8904233854973984
3234,0.17580963225105503
5326,0.0017677833901339306
746,0.0003966417642592372
3627,0.007378634203154703
3639,8.920410961210189e-05
850,0.00454249983258281
2683,0.0007632464339817261
3790,0.018205685778728786
785,0.01405880725303401
5144,0.0010794477126666645
2675,0.0008758982813246801
4165,0.01708703145915214
3685,0.038041767180836676
6696,0.016707735971067443
3181,0.19698359219265962
3094,0.0023062969359549526
4952,0.004065032632421554
1055,0.00013767496917588956
4967,0.01139110997570361
5035,0.17407437754283117
5030,0.2973897162392158
4000,0.007727687809061552
1456,0.00537342498257719
1548,0.023826660385102415
1708,0.00467416504205898
1285,0.0072725111177569515
2179,4.362465810626109e-05
387,0.00017829843403661946
1042,0.003197148741468156
105,0.015227375317128138
2974,0.006169064019070689
3550,0.03911513758044863
2543,0.016384184633215813
4009,0.10117920825825148
5776,0.0008625913034958047
2368,0.007716956106488761
2911,0.012351113673466021
427,0.03137126058981259
5752,0.0030975504924142336
4437,0.015701005352954895
2176,0.0015861201936329917
3491,0.027293479885161058
15,0.0054246464661843645
1664,0.044316384741487656
45,0.03604808159234417
7049,0.013994218732878441
1210,0.0008458788277569356
154,0.7152770924419993
599,0.9298341065057864
2116,0.0012629289855289943
3212,0.007118610108906434
302,0.9620194657645261
1900,0.059914633135673426
2300,0.022235203266393812
1008,0.010171899275561908
452,0.017955451556893536
2313,0.03447342990833165
2522,0.0013750604907441196
6822,0.07553965597027137
3235,0.0016014204714838531
4468,5.7745940187253684e-05
6523,0.0004446554818998312
2120,0.046096774266442285
4011,0.024141240712925675
689,0.01623951374582884
2940,0.07333619141871996
4265,0.000706614574245577
153,0.006247699418004197
4200,0.001116006234232617
1632,0.0020100710400025976
2938,0.043773878913331614
641,0.00048781149456339484
105,0.0021148961571137975
2264,0.049886146707533933
3827,0.002131471321679201
1243,0.006549078846860414
32,0.001832083898561356
4605,0.0008615604994964177
1795,0.0037273323331614918
4771,0.0019331470029118898
3100,0.123675697036323
4919,0.018672924771808905
1075,0.0002796220754607375
310,0.011988169750745724
1819,0.03950669969554293
5985,0.037774276260830145
4042,0.042405361912191776
1333,0.001535036617748436
803,0.01269719791277591
5533,0.004261476230522338
2060,0.001752779971849632
397,0.0019421093086231397
3116,0.0018685518715141586
2299,0.012664438173244374
119,0.0018415224335800195
5270,0.004974734565171821
1967,0.00024359470017841866
472,0.006172134159757003
2295,0.02695360285074104
1193,0.001659465262939812
2798,0.041603126027703705
5974,0.20513950224421643
3980,0.0012650189979452775
1242,0.01834566439405503
5091,0.002528572409442402
1258,0.009136882843812906
5308,0.0009273074036572088
5727,0.0029545662849775867
2101,0.01666734357859072
2882,0.0007148590249244968
1622,0.00270042690901848
3627,0.002623938756557294
1827,0.0012356700082257817
1580,0.001002417553661828
861,0.0030272552915999174
1471,0.033943163674126274
1188,0.00857162412115882
156,0.0022375070588478846
533,0.00813992725594532
3746,0.0017042929111325388
4271,0.0011489996743913045
540,8.140749068143261e-05
1696,0.0005723716349533607
49,0.008687759112887196
847,0.0015405183925081137
1150,0.5608459582643898
3107,0.0164851781377908
3658,0.02097740630716257
3494,0.002129655353749527
1321,0.006213213825691872
1223,0.041253885652351184
707,0.00446311110559102
3850,0.023203616473311525
898,0.028161047120248802
3760,0.0027564331141376897
4394,0.013888321887263511
487,0.012811942181418817
1260,0.00010101851042871042
2453,0.006456100961916363
3559,0.9822604274373121
2217,0.0019443624137294492
1645,0.06431288033173392
7599,0.026032850248015767
3509,0.06059012875554703
2088,0.022620200066690212
4944,0.003893669413351687
4101,0.007280624471677402
3635,0.002166604711720841
6200,0.0009857176073655531
2528,0.05038352952745643
6296,0.002031968952763677
3525,0.004863536352481763
2450,0.05988214241708716
3776,0.018808596988488004
1041,0.0007233450913260395
990,0.01268147936295454
265,0.007075986922650867
2802,0.01184608003151402
3760,0.00020353943468724318
5168,0.053413792652737276
2193,0.004122103818892729
4850,0.0044244504006402605
6118,0.9741552837602053
246,0.03193486244846772
3052,0.06492967513364198
4442,0.005249025277744186
1110,0.0043575721751888015
3283,0.041692063071786356
1347,0.0016645694632093997
3029,0.001287635735390662
3462,0.0009504364398726898
1050,0.006255720423143053
4219,0.005973797577545677
694,0.004420324862002847
5885,0.1251123491500746
2804,0.002370865964737323
466,0.1358303121106021
850,0.005103897277613301
1024,0.025326130161886985
5184,0.17357101078743245
5463,0.0049434173889327864
4060,0.010749847540258154
1837,0.0017327054938052005
1701,0.02656773461059026
1733,0.011976788252686436
4231,0.0003920185609832425
5079,0.022817744625867813
1658,0.08785763599575576
1343,0.059731335440169786
5,0.0009385187105633067
674,0.045449890521262165
3285,0.0007465707576662055
1798,0.026607274929419222
369,0.004387444204040103
3633,0.015801275115877263
1480,0.0037763427296063643
5727,0.003438194447722827
4106,0.0002703904911871384
471,0.04434020475724884
532,7.224538990664034e-05
3140,0.006703199859178821
221,0.0369107473841322
1665,0.16616752153267056
4029,0.007718637450553547
806,0.016421270446810923
3595,0.02892549823752508
510,0.0017710282773371387
1691,0.002562842873698337
2508,0.057963536598807056
1158,0.003076881174560034
4554,0.0007849251182892838
211,0.0002222982604299019
513,0.005813822090465295
2951,0.04172673325143125
6762,0.006241965476825705
4457,0.010914385050900057
4570,0.039221865266010104
1076,0.008241603499186448
3300,0.01437183948729474
7960,0.22264910714494893
6,0.009195320939068094
3388,0.006100953380653617
477,0.9793314747998012
5974,0.24710018762567965
4226,0.0072715138291466795
735,0.08544035275135169
1009,0.00011034916016539135
5168,0.007302540286113179
176,0.003588661453599116
842,0.005630660454957783
5605,0.05931861543499531
4138,0.03641209383627362
5221,3.2289024680730646e-05
47,0.018796119075723528
5512,0.00013344363504535275
1213,0.03651504928585664
2469,8.362905987259032e-05
2520,0.005154419084391652
1712,0.006012733786733606
6168,0.01251612045032821
5593,0.011522273488320866
6840,0.008760688066955258
916,0.0065905866493864654
3198,0.0957081835596747
4738,0.0019097297352665024
1199,0.0006230091019837555
4213,0.0005867413747586796
2734,0.0029553435133720103
952,0.001478519931807789
6,0.14865970831888897
1385,0.003459625783341702
1859,0.00011064254357495127
380,0.0013029316504485032
4634,0.0038260310899778218
6246,0.006517148295093211
1179,0.003014222980469992
3569,0.006227847826297345
3499,0.006365672494571923
806,0.008587991916753461
5253,0.051503650185385066
3276,0.0036397806979714354
135,0.0018406564753007837
2219,0.011772884755211733
536,0.008145568518089527
5156,0.02806230776568643
4990,0.01423517039460653
871,0.005081642922659453
712,0.015960310291784248
3348,0.0016317208335698975
1347,0.004389474086496114
1065,0.02903048067170773
5813,0.024637756174052325
1009,2.3666375967259956e-05
1335,0.0003536300569801552
7394,0.003308875725292245
1957,0.014045891767442528
1084,0.039257324538733034
615,0.0002291382598182921
567,0.002914684948561552
2415,0.002020728672794312
1505,0.018796350300614557
2538,0.09277114333071136
3320,0.001116902623630204
2624,0.004014924326271321
7454,0.0012791367468881513
5156,0.014471668887558523
4818,0.005904842474027545
5954,0.0010341202144219439
2741,0.0001654975720782763
6265,0.01632344755541319
1276,0.03331901469465438
243,0.017366795266750293
1682,0.008340438029251093
1064,0.018854333681913582
633,0.1599153829122578
1276,0.0049846434438343
79,0.0025855315318293348
1329,0.0015993041500900272
2040,0.02516208191210384
3501,0.0034568114245588774
2890,0.01565343368865678
2237,0.0010944356773958147
2404,0.011969080490462967
3706,0.1317840119241488
5868,0.002784317605854974
1679,0.031280272956343703
3035,9.46389848602738e-05
2807,0.0005022842621105855
3685,0.05238641340831313
6288,0.11481187411463417
4480,0.0037066685740673013
4186,0.0004279208322981068
289,0.0021702438549945817
1791,0.051742262488030065
3945,0.0032534846981866297
4516,0.027148166991846977
7156,0.9569705492758027
1276,0.004514175433164563
2801,0.0019566364573394366
1499,0.007147523659667293
2302,0.003948999620089706
1819,0.0034864242733998766
7474,0.009449161827260154
4790,0.0012946353810008417
429,0.07826334646150336
4423,0.0005398490257397449
2369,0.00020541687759924643
4106,0.000684690971476358
3016,0.009624221220364626
1380,0.0002083387981938221
6278,0.0014450722927316832
806,0.04941040418438165
235,0.021297711492129657
1406,0.006226154506339311
1263,0.02641628483040049
6499,0.002940978137201766
6196,0.00106727219749035
3025,0.04139128780178143
1568,0.0008645136576371921
3225,0.1665476428186497
4449,8.788912251934944e-05
5127,0.0023591750479502373
3547,0.7398186867519241
3881,0.0016803037772446456
6667,0.004019524589598404
6125,0.002500260197889716
244,0.13292755862548325
5490,0.011161492752593668
1795,0.02130226966500256
7598,0.0015792682846046083
4315,0.0003271688642738073
7534,0.009828316575053366
797,0.001270868061007194
2228,0.1258179978442829
4288,0.014382496776406302
2898,0.0038221249785798657
3843,0.0006936647766102558
2906,0.020306673638390425
3194,0.04731655573716758
1674,0.008323156123949293
1544,0.0037407101394644855
3441,0.0013924592093461931
663,0.062432071456245374
899,0.07625039203395724
949,0.014212872214439178
841,0.03138130828690102
4796,0.00412377714844219
6097,0.06044661397055051
1173,0.025991542290652148
1489,0.001001342301432948
3625,0.037914762173597745
3771,0.05669533164839373
3117,0.0013733070533035188
469,0.0004737950303995386
5867,0.004277348524237253
5363,0.0022143344952350996
5773,0.0002465601224187804
5050,0.062277142720902484
2668,0.0031284694767425274
2452,0.0036143855766029697
2351,0.027262036365391734
835,0.00021724701495547574
4272,0.08534382593326846
1849,0.0003649817821111124
5195,0.0026890498842613124
1404,0.008187367339925106
521,0.047782827523544534
850,0.05428716694973013
5865,0.20504201960702184
475,0.9730777473867184
1559,0.031224633936031664
64,0.002200073471192623
28,0.02869947083300694
3255,0.0012585009118104727
3255,0.0588780495238298
3935,0.0008341028693469441
3142,0.2552545216724824
197,0.00478687077012539
4797,0.049504089537236416
6869,0.005837954051130646
4133,0.4756062085364643
1973,0.006647484148295024
2066,0.0018831370676599304
4614,0.0009085485844488034
1241,0.0010339778897668671
1816,0.015680013473760142
3406,0.013378708860541528
1381,0.03814840310486213
1788,0.17868862369612915
3309,0.09105082220831313
78,0.05475450635693832
1667,0.001838212910775675
4857,0.0008055640065092646
2131,0.04766546089855001
5019,0.02603357109800371
1483,0.007862076095792803
79,0.0012281420072818758
4992,0.0018778634745170537
3545,0.016597433264146824
5020,0.00762789264829253
5166,0.0016241975668996927
6682,0.0032216304847719392
2978,0.0030700743878041684
3370,0.21659095594472544
2890,0.0263243751859352
3607,0.021901275034274463
815,0.0009549187096722154
433,0.0029809243036439006
5580,0.014017638443749616
5495,0.011668408804768137
1943,0.010309280566576767
6729,0.0006051898856414478
2202,0.015993608494501276
1219,0.0014048144125679552
1530,0.004464210985124427
720,0.0024198111575291876
1287,0.003050762320956406
1310,0.1792374653508101
1042,0.0028535606475651996
918,0.0023792697346977907
4231,0.00019979818169715255
3133,0.00040848209773345826
4500,0.01644895373947632
3189,0.9487650362993653
858,0.007083158869728593
6248,0.00522830343735683
1827,0.000795785281853568
667,0.009822397149590057
1552,0.10764436586587525
844,0.01568607946876294
1136,0.7529997844099662
2154,0.029686545134238424
332,0.00038678733416993194
1349,0.009967667065814667
4628,0.02348282400871206
4526,0.003762489113625643
6998,0.13123914680242632
4263,0.005268672477347148
2700,0.041445959904768084
966,0.01589767178784272
1230,0.0015684080734098649
2862,0.006785128165621587
2185,0.0028407900938435884
3725,0.004054455589064701
1117,0.6580295332168838
1595,0.008376931662666384
3302,0.03256508299260871
2086,0.0054527141381390835
3790,0.04339458735266199
4242,0.9710428720052404
3226,0.6814186626210587
2902,0.016821398685818504
2934,0.0007740574294963371
1295,0.003711015501231145
3591,0.0041808213261055735
596,0.00984907264111585
3050,0.005416237681059849
4665,0.0033262688003901993
936,0.00017376902913797133
3897,0.0010768622627786578
3443,0.0006471315104609732
7522,0.015917428171931702
251,0.003395872678435504
5210,0.00024030183203195692
2389,0.0015133851765461693
2944,7.4334152733088135e-06
1816,0.009878617982932084
3270,0.001169060034358733
2483,0.007084575726989446
4008,0.009878832547351155
1697,0.008385209258463122
7031,0.07820310343542491
2252,0.002792644212227069
1003,0.03099947626758321
249,0.00022035403154511127
541,0.0011937491808473957
5448,0.0025444921325626035
3492,0.022104810332117166
3455,0.0654670932058101
792,0.01199873298552378
4109,0.0020700223493883047
2077,0.03241544118834361
2866,0.0003181830199804223
2649,0.00037038942286979527
3470,0.009578853940369142
4196,0.0010830022335668013
1025,0.03076675946336674
897,0.002552912914255694
170,0.03735498064020321
4587,0.01401692225633048
852,0.08150533433030807
5630,0.0101646289063705
443,0.002038502203777606
4673,0.02372589198510589
6556,0.009416403868435029
3312,0.009355895888917875
1789,0.0017923852938176701
4274,0.019233136337857955
2059,0.07905835673429235
4806,0.014312687599016749
362,0.020523747485216553
5874,0.11015930369976946
257,0.042492412975411314
2253,0.00022657258645917611
2542,0.0028231880372745492
193,0.0010861782048408961
1965,0.0002865012966820872
7975,0.003896799620663011
5285,0.0010934369489203918
2475,0.033584869474097494
3031,0.003072222651340157
3142,0.12570468598958134
4936,0.20321382567174084
3545,0.05215778876616605
254,0.00663491033573064
6741,0.5383213744972549
2021,0.008317829816558424
334,0.33475990077332446
1821,0.03378184281415048
4469,0.0009373518552500776
3203,0.0013458067614625664
4470,0.00046400505369823073
3944,0.00021925889744930403
311,0.010135778174004552
4996,0.0013434028938027333
6173,0.010944956800358821
850,0.037820798766492233
3955,0.0006682648845164552
4269,0.01031478576176592
4049,0.008579254768756608
1314,0.06323713870836042
369,0.002809943955308779
4084,0.015788785647828832
2302,0.008859167610283386
3848,0.0005579903801437258
1190,0.14351448957317922
4132,0.08132532569959325
3743,0.9821242683053399
691,0.002959802913121966
776,0.054268906217021094
2473,0.0011008494551021134
2395,0.015837160527750117
2475,0.03764086619031301
3044,0.9268933013948676
2262,0.003675585840280505
2192,0.021642217565234947
5539,0.010298336367380798
4290,0.08056288679173637
5260,0.009631020689995122
1559,0.037678507108272856
4053,0.023258821874535818
7917,0.0004431830760315912
4442,0.0006277123614547396
810,0.0018566137047448326
5610,0.014116067937661157
5662,0.022232994354412904
7724,0.007726893591529842
113,0.017834499994095206
3774,0.0019364674465904026
6032,0.07552675401998035
1717,0.0005164890162897304
7001,0.006624756847312448
6077,0.016830522261281414
5605,0.023432209934845127
4971,9.553272540291892e-05
2595,0.025632483419938474
4522,0.014525461348600974
2197,0.002955052405444504
205,0.013025699908162701
6020,0.07351095600947982
5393,0.011012098334041633
3493,0.0033232443765266297
1373,0.007848915075308448
3976,0.10076410142736164
4508,0.0012615342169317839
1548,0.009325470852521871
4172,0.00039372685799836827
1003,0.01136555030790376
297,0.06802798456041506
2565,0.03972624382070974
2864,0.007399896155096165
5985,0.020261500079401886
1690,0.11088880621037245
3624,0.040976301235636656
5539,0.03285625962310941
3311,0.012762686193607006
4085,0.0029199547939581395
79,0.0004245916160410905
2427,0.15472040578117216
4416,0.002511938104113686
193,0.0017905335156947956
947,0.9714664207567568
1360,0.014520664629228673
5036,0.04311589465945329
2241,0.0021189704548431254
208,0.024280097847736958
4998,0.0009458597770467127
988,0.0007323615601915755
1969,0.9394129147272202
3212,0.0047675297277304145
270,0.0032336447097437828
1956,0.0018267542776558249
5745,0.003989017506876649
5979,0.004275293896800415
4741,0.0035058835273900158
4485,0.0072903924620081806
274,0.01544347856248458
5416,4.920388661135082e-05
4889,0.039269897572880734
5870,0.009387894327661425
1920,0.01924944542015229
3805,0.0009948501894595453
233,0.005388765988384063
509,0.0008794039304523158
226,0.0012177451800346273
4197,0.00039720911845557113
2739,0.0030066807670773147
1234,0.00025170159371363176
2175,0.0012516459453393624
2247,0.00041728199167636297
5127,0.0007794786049999091
1595,0.003058024681132682
4712,0.0015208534769952
1950,0.0011371707738004329
2679,0.008370175392441746
4706,0.0042253347770250345
653,0.009550003706209325
695,0.0030064588445413492
230,0.005830269466823279
1386,0.0008300093481447074
4663,0.028401580543546478
898,0.009790456971888238
970,0.0007695651412201304
3488,0.005196412217412803
5891,0.01307314233002086
2055,0.0029631367216775865
2397,8.513240323872125e-05
1849,0.00011018438530419267
1141,0.005769417049787576
476,0.043601441837895986
1967,0.0005793356029425101
3240,0.0017520218805893834
4926,0.0029913041930038596
1870,0.0007945163930840312
1491,0.004257983240137082
4771,0.0031403101858700324
6020,0.12583242198338418
784,0.004960197311224817
6136,0.10360274371194687
2568,0.012141827596719078
3063,0.0003904391378860963
5868,0.0011390231597912458
5437,0.002854028955350372
1656,0.022733356980771592
133,0.00045487503894844726
40,0.00019194939755451664
2133,0.012418125064919985
1316,0.002894673675398325
5538,0.004212835645684123
5144,0.000606746194328119
4089,6.17670356453236e-05
197,0.00478687077012539
3277,0.006680977153572598
302,0.9468985565396312
5987,0.0024609504934970734
909,0.014514896548714117
2336,0.012532416048636804
5959,0.0025011761097770055
1519,0.08023705448972909
51,0.9631739404912483
2150,0.040222695661254734
3483,0.012475939683943634
1260,0.00020060590093102785
452,0.052857113663367816
1003,0.028351093827780355
3386,0.04747578490978755
1965,0.0002208132397113204
2499,0.08300447401333723
5015,0.001201836384934549
2511,0.018403706845869436
1849,9.583658295493393e-05
5927,0.006548104731971246
2034,0.008277355570870016
3038,0.0072767792106900155
1592,0.013160240246649798
732,0.0001496331861122029
1395,0.008601712591564557
2320,0.013199631207510068
1258,0.0029488077666293194
1826,0.05008644773549918
916,0.008051373086527078
3944,0.00021395601879314842
1405,0.12110906828886847
3545,0.0023016111721432995
1572,0.003909789670343077
2218,0.0007314769956756637
149,0.0003296109257274268
7529,0.008579415076066804
1333,0.010390363995461569
1373,0.013605014998516957
1162,0.0019202569629717058
224,0.10153676688397616
243,0.010156874092416559
2954,0.004654543442238742
7609,0.016355432074963143
3613,0.00026856999893588813
3278,0.004058676167116449
604,0.09368910998407365
2700,0.008549900125980432
3386,0.08449310289692226
4967,0.06544031528988231
5421,0.0008257701300027646
3236,0.8902171991707817
815,0.000272216176736945
4157,0.009550596930974485
6106,0.0030493473047706306
764,0.0031765846687115476
2277,0.1237987579280897
591,0.0005611531581390351
1154,0.000362716281471673
894,0.08240512818566315
3244,0.0373755252962375
69,0.0013449528537355278
4888,0.006216427776405809
891,0.04962371737101823
1439,0.0002961659149397223
773,0.015379995189259019
1664,0.059840390196279854
6141,0.1218601148082181
31,0.004715739333417451
346,0.12449409909152032
2727,0.0015625873508709166
4736,0.014148961059951158
1278,0.0025778960252308175
1280,0.008995749262714356
1297,0.015652582310919975
8041,0.01371907444776857
3539,0.004071711583310867
1266,0.07966555012513697
546,0.07781448111031272
1656,0.01452415362611238
3049,0.0019629212041234684
1427,0.015419100705772355
162,0.016700785543768002
282,0.01538930208119523
2180,0.009439798082221054
5735,0.0007468948410887946
502,0.0076459541608047375
5000,0.005274260677894184
118,0.0004747610591525427
1096,0.011588302994610127
394,0.001649692042339249
4011,0.03584752776111938
1135,0.036386435770310664
1153,6.84400043385916e-05
5203,0.002040775668106827
4809,0.004472060580274862
483,0.054068016608065914
1994,0.004577403679992576
5424,0.00037172620168434225
1642,0.0011960213066922764
5453,0.00984721676553061
1272,0.010360895834270915
4903,0.003058585046382287
586,0.013293914027934537
4539,0.001724425619948316
1188,0.012379295543874642
2713,0.04064442672963341
5159,0.0014699383800742222
4097,0.001439267812476234
2753,0.01915248866491837
2348,0.02363537335200926
1781,0.0001829176011754665
1971,0.007918293902662639
6421,0.10871699933684856
2166,0.004846495941283012
856,0.0018303507608542146
5337,0.0005615250307394084
5100,0.0024702331181155495
6198,0.00035853713732209307
6456,0.00066448322268305
2218,0.0011690471989816505
6840,0.006277722250534838
3302,0.061191721181059325
3793,0.038410242692568604
2693,0.0022975878483660773
1981,0.0016215086796278868
1255,0.003497427324098016
4416,0.01818638431478906
663,0.03479810336149054
2397,7.625506058230155e-05
3837,0.00013694768493156923
3049,0.0019629212041234684
50,0.010440850427423808
3690,0.02543813654945799
3096,0.00026843180119182173
6056,0.0005084218080815275
5650,0.004994813169796007
3776,0.0034420435980256716
2261,0.0211207923706797
1164,0.9468485099092385
3691,0.002448010076150959
4678,0.009455133882907925
3816,0.006120654806390089
1722,0.002657149628398188
292,0.006368820520764079
3501,0.003326632641870163
1386,0.0008300093481447074
6811,0.005152831635793958
4031,0.005687400057270698
1225,0.0034149736470207625
3691,0.0026239326771872826
2821,0.01002633925970859
1539,0.1082454526487568
324,0.0251181181148563
1388,0.03353203455701908
321,0.009555762692292684
2308,0.0009134229250966445
3688,0.004275455396164736
3356,0.1608996220932256
2452,0.005069646608373117
3110,0.02090616742158073
1461,0.0020798623266439194
7663,0.03139251684646584
591,0.00035033113601734117
5741,0.009347149810292594
1950,0.0011533984214097855
1703,0.004758742003340588
4719,0.07134309614773107
4081,0.0017476371023104073
3465,0.010101010507526495
6605,0.00012830562751649046
2,0.01758168973162955
514,0.012150110257050203
2980,0.5789997117584161
2992,0.029264945105233933
6775,0.0033528536324699937
1138,0.000217489367254171
1523,0.004548425899977437
8045,0.11584177478083363
1011,0.011255641954552432
6151,0.4498649492290275
4186,0.0009406351049297167
4643,0.0004456004233376853
7318,0.0029459913085909265
2708,0.008787499216908402
3705,0.09286827827806646
2159,0.955724436251075
3100,0.125222948315816
1793,0.2422253766278487
4512,0.33115533443210177
1559,0.035221763113644056
1822,0.019419765299499854
5321,0.0015720355840895025
5457,0.003227560288943767
6256,0.0014976987855397001
1241,0.0013316139240171702
2408,0.028718246570418566
621,0.044328809586910836
2507,0.002070372621265073
588,0.0017722271790260337
2625,0.000344240948984083
3765,0.004495306245897002
3369,0.016600909209577908
5309,0.03163593477210295
6765,0.006223757482161967
1613,0.020929994662200607
2032,0.0021001265575106903
846,0.003402407613682041
2280,0.032749192587310516
2327,0.006525076670310516
114,0.002338342372980511
321,0.029156800351319876
4249,0.0013052430613094941
3497,0.00439709702747046
7145,0.06661384365304719
4259,0.4052217049710699
1636,0.0024375396390893993
785,0.013538424990856713
2000,0.0004017794416699187
604,0.18938605325826094
869,0.011897464015718257
1375,0.006944844818162406
2802,0.0022478668008699423
5589,0.006419687650522995
1127,0.0058062380221433375
972,0.02454487047495344
5979,0.03845309638672402
387,0.00016968195284527578
5186,0.0009734374077841882
813,0.0015112152165333633
839,0.0027062145229517663
4380,0.0018743917066285495
3311,0.011769658870561958
5819,0.03738761933648696
6152,0.023521010834167928
5101,0.5168081585230276
2654,0.010673918070487605
4012,0.0006587184667751685
3058,0.003109628414575606
6223,0.47448284280228614
2373,0.00028252768921659783
2213,0.14674259259512729
4116,0.002648325903470977
2123,0.09598803691597702
3912,0.004082650817911756
101,0.00018680576683432915
2752,0.008870298686904098
1636,0.0028437129621534402
2572,0.9820157440122227
436,0.0029292431961517634
1497,0.00151822958935192
3399,0.005431019043254219
918,0.01888508026627578
3089,0.08396756986468044
6093,0.015881884295210633
716,0.000382696641594065
1562,0.01709897079160602
1908,0.01276856388129849
1187,0.05828911399327236
1258,0.002201252090559464
5145,0.0018514113006647165
6972,0.5528822659631168
1439,0.0002703084819949185
3701,0.011643933231468846
5729,0.006647168821165456
3945,0.007426956029096529
450,0.0013543032746746381
5038,0.003913462254534559
1847,0.0020289393277272394
1035,0.8933901782807373
4012,0.0008550358035576505
2941,0.0009171992080884109
4079,0.00921882577235336
289,0.0033887709203838092
1073,0.0042398639969015795
6456,0.0008124771395301831
1948,0.0011435998555957675
327,0.0200051784228383
5759,0.00048867938051408
1180,0.051749365450205045
323,0.006945517835936464
4975,0.01073277208700051
1530,0.0012275490986714355
1515,0.005414209386683839
3523,0.0023614989085095346
4914,0.005354647088506835
84,0.17837275633431518
2144,0.0017181360082328878
2166,0.008932777353555443
2602,0.0036882899499471617
990,0.020923599914630463
967,0.047501902273076456
5342,0.007126535566081224
5121,0.00022991339232974434
397,0.0014317258302658585
5060,0.0019158346644719464
327,0.003421959650401687
2770,0.019245606532748927
268,0.022956563786491965
5690,0.0013406029038464684
1312,0.0096907981919192
1907,0.1092532326995143
971,0.04390031828611318
2971,0.0074799542240387
4431,0.8573651204447075
4576,0.022082880636806242
3499,0.0019462045352926932
650,0.00021674243760009987
1885,0.00033357078566540854
4591,0.003385929831711884
2088,0.009119428475692968
4534,0.002905915639804243
5143,0.00380985322789861
1287,0.023779848906782357
1219,0.003183555221178244
4749,0.010604097040962024
2095,0.001414737951996387
5663,0.0053756688064556515
1806,0.004589361244497995
2241,0.005047262751268766
545,0.00044401091910435317
5947,0.0015093487039367108
5295,0.0015850469656728448
3413,0.0020719868390122135
2092,0.01871178014659201
7521,0.0050299579257356165
3272,0.4494495573348235
4169,0.009195855930503868
5829,0.0015962744795187786
1761,8.224421070706007e-05
494,0.0033817212370685717
1435,0.0033495517481515707
4645,0.0008471013441629457
4821,0.004079399524610736
6857,0.007136721386932969
6738,0.002828335382384045
4258,0.0004909764071848734
3877,0.002391150328045138
171,0.026861819128657493
5627,0.0008792223790087091
3061,6.600240363550857e-05
600,0.03370541554499247
5887,0.002700797096744239
6721,0.0013701464172175316
2699,0.039617071356423825
3334,0.0016971404273921863
2601,0.006180177686788869
4295,0.003120826088124493
2253,0.00026061681911063314
167,0.0033625839001277117
1827,0.0010689745947346139
4091,0.0692811214691029
730,0.10140474835095381
7196,0.9472440845597906
1084,0.009139948287193998
666,0.0645710100499106
2184,0.9762335635602322
3713,0.00010254546337615533
3349,0.0019094796637169093
2048,0.0013288850719149732
3203,0.00047029911224670475
3724,0.0014671647938621418
306,0.035669475411787985
223,0.02070963305900055
1842,0.01460739741111767
559,0.00404032491710533
4542,0.0008017711570971109
2964,0.0013391845323294412
6138,0.04311003337032336
5471,0.03411920657719163
274,0.011041366740955877
4674,0.0064229543530302325
4998,0.0036655924309339657
255,0.00174332489553169
4004,0.007307293113405821
205,0.005221688473764117
2257,0.010078578256234106
1796,0.06775264570944854
5676,0.8751935950911633
4500,0.0033672823239817907
2839,0.04194602676159474
2513,0.0017016526463707277
1885,0.0005902555075485581
4343,0.01763339535107709
6705,0.0007085311719447125
2930,0.00973345635408698
16,0.0003554373024566614
1285,0.0006642580810633015
5349,0.03953008376902721
3532,0.05636445842345434
2999,0.002457506222210433
6201,0.003933053460790896
6867,0.002091774375844458
857,0.00071258075953375
3345,0.0010824307855387208
5345,0.16071921253600355
1862,0.01143437526900624
6788,0.06328810262432538
2979,0.017148128362731857
4419,0.0028963111588215977
518,0.024162621421450186
2129,0.0002122550054959766
1869,0.005673123868137862
2199,0.012462969596806067
2031,0.001370288955208264
459,0.01756086122637299
437,0.04938248229012145
5263,0.0022146944288787876
1962,0.006867656890932832
5443,0.040194057281753515
2243,0.0008618001655056961
1336,0.09571288057194537
1278,0.0030537153110308814
2865,0.034181091545820635
6157,0.0254816270779565
1845,0.006643067241072598
3200,0.03961665108628047
490,0.02757402707609626
4220,0.007043792797398419
850,0.016794854908832278
4739,0.06992823196923588
3167,0.8942208851294268
4752,0.007141156889638796
5836,0.03733032906359083
2974,0.005988104343875537
5096,0.006331606415653867
5411,0.08761780189529818
1842,0.004082686315909066
3251,0.003409835830441034
105,0.01707455787129132
7480,0.006936112272317707
2967,0.9431901053329755
6261,0.0050590632353273565
1316,0.008586039588601007
2873,0.02270680125843506
3282,0.02114136840521882
231,0.0013243628694103171
4914,0.04332895241789373
4971,0.00027105696670329005
1271,0.03443023446524942
2848,0.02229978197862806
3970,0.011162885221535713
2283,0.0015005534088181876
2596,0.012534967407330247
5192,0.00813959200532416
2631,0.0013230979185630215
1482,0.013617069779811183
3501,0.007262778708162866
1552,0.10064929396254803
2516,0.0016114110840730487
2576,0.003389923966338838
540,0.00010718412064762536
7137,0.009266527963080284
3838,0.0008126282069942608
3359,0.013642989598846723
6424,0.23424627467688044
4167,0.005495251969854507
2141,0.12273162350677685
7266,0.011436017585646878
4463,0.0013969014176316527
789,0.08858842790281977
3152,0.005896659333863642
1861,0.00046251247499104096
1490,0.0012802860228049845
1438,0.0033918470333720216
746,0.0007238255223022714
1773,0.010488041878679839
3479,0.0013997921479638438
3641,0.019576235844210674
4622,0.008098256578335843
890,0.01403670857029565
1100,0.000925973541735499
3272,0.26928831178108287
1828,0.00030371831084634424
1434,0.002031301086826606
1128,0.0223168526460642
4238,0.00803942909253431
1210,0.0008049409382905088
2052,0.0038377263151964745
285,0.001913189085865177
3640,0.3795923277003873
1041,0.012745428406296961
4549,0.02148647824384622
3492,0.029991157733041722
760,0.9381927343190105
7638,0.005892634249585103
485,0.022152158541651337
4418,0.001928809202804172
4708,0.004394197909071038
6645,0.027854184662631693
1957,0.002543279672020394
131,0.000248227850971591
1361,0.009484235390833165
6805,0.9628650849514657
841,0.3475543736476019
626,0.0022820036652733498
2318,0.006728204423804451
7102,0.002548253936224963
2855,0.0037523232604905524
527,0.007928636317332156
2782,0.00021610267718755934
1859,9.2531173904586e-05
4378,0.00977098729614124
1669,0.38274743126972705
3385,0.0038017560345599993
6226,0.004813814495312964
2139,0.003001956369921538
3407,0.014793785477370848
2067,0.00012305039175287665
3231,0.005011501413797335
1611,0.00030811263136050173
787,0.3625592183992406
4073,0.011645344493909174
2967,0.2617457809121624
861,0.005623769683381403
6833,0.00929712049407378
458,0.006022854496638885
233,0.006816054849738598
1278,0.003719975235352836
5181,0.00012368093142284863
3462,0.0019845042222477807
2402,8.576725287432439e-05
2850,0.000448718420661752
3479,0.0013997921479638438
1626,0.00027953142590244484
5597,0.00169655082219337
3515,0.18207270292972047
390,0.003636612461075946
1857,0.0037723377629912923
3785,0.00697824659710618
8067,0.06254113562538047
4317,0.006823239866512053
3580,0.012469553239518866
2280,0.022285447742759656
3499,0.0018009105870872035
2481,0.2554590009983796
1340,0.18689908992975954
4508,0.00369421494220744
84,0.017475241557270996
3041,0.0008175727441023066
1702,0.0002680537167987498
1095,0.017685676660675918
7582,0.0004074815923418689
3001,0.03417467967267993
5055,0.001880601096605519
752,0.003946399780902906
4176,0.01972427609897179
3348,0.0012639493332793877
372,0.007292462792411865
2164,0.007605948093236442
612,0.0007781479691072159
6869,0.005150626788169184
3507,0.0012631384026402482
3302,0.03103746654321359
3156,0.0021347075292632283
7199,0.007290198025061339
917,0.0947098412284093
387,0.0001134744767522618
5848,0.000558612975240245
7417,0.011159644867408376
611,0.000504141281380027
2881,0.009247731111115076
4221,0.002223682911947355
1188,0.0005135130727907298
15,0.0405758758226018
1019,0.019767787500340958
566,0.0011348573997033884
2817,0.9584374626148429
4973,0.003449969016991908
1852,0.005547961495715831
1030,0.07260290466688167
5459,0.005340272372843494
5768,0.29981029579493557
3899,0.004463295624316209
3544,0.027760771038574626
1084,0.010659057231447597
4741,0.004609957576065872
1423,0.0026197235728452816
38,0.0976193876669519
184,0.00025489136982510124
1898,0.868666048430375
2047,0.00044009559248543576
1647,0.012369371007642505
5191,0.0010991533334204881
2906,0.015502157617670535
4315,0.001857891188667306
4935,0.0019354494434721194
3034,0.008736110313377303
3540,0.045039386249234134
3196,0.0002939208081111858
5520,0.00018005889105648733
749,0.0013150278150171825
4472,0.022277314257702723
2508,0.057675847866300506
1016,0.003937493534167269
323,0.0031894943401378534
4694,0.010276292782364253
1585,0.0029655625905915376
1837,0.0032035515262045532
980,0.0029766929217903927
4066,0.0021316793852951847
6232,0.052694143344372446
2666,0.9409875527943525
953,0.7983082247876673
830,0.1024000962974959
160,0.0004032254980318612
255,0.039452180525277394
568,0.22122500159794556
5144,0.0005824578801706863
4752,0.0008872845572210566
886,0.0042252717088329134
2671,0.00020885844718675767
7116,0.8842276460100557
1049,0.905848503107418
6239,0.0010641935697362922
7972,0.004502816253475984
1584,0.012580991408433224
824,0.00031205051646839184
1593,0.0006027984283101612
4922,0.001298184646446915
3923,0.003554127362796252
3610,0.06158977936316862
2311,0.009204567502981218
456,0.024337963090619967
2537,0.0017932188724299654
2125,0.0009802366849832405
4661,0.865235248347925
2827,0.029276193818687436
2117,0.009624714396829557
5424,0.0006432635240773384
6159,0.0016559865579748282
323,0.006047700726429096
6196,0.004250996958746244
4263,0.000802466106544632
2035,0.020680402342278324
2290,0.0004748729551468663
1284,0.006032161589769114
6437,0.0006236717681017818
5282,0.000310421693531552
461,0.003771613667622943
1167,0.0013455258310867155
841,0.10323365239571183
1349,0.0036328117334640717
264,0.03152749268141719
3914,0.006116632762017011
3156,0.015015138457995023
227,0.011839841335750985
5453,0.010601703324155482
1484,0.02406864633101911
6341,0.03567372172861006
1457,0.0013602484947257748
1781,9.003250253897206e-05
4166,0.08891976485972293
5813,0.02310007339583132
970,0.0024881081048626057
4706,0.0034665684364958422
2313,0.00538722366770172
2568,0.0013825556585223117
5079,0.00464233606321679
644,0.008871650613206522
7695,0.0084607300066622
3460,0.0032885349772454656
4227,0.005647436490305725
429,0.057011020879390154
894,0.06069384698080783
2813,0.0008570588213637244
906,0.0008432355194207242
1247,0.11265375108358008
3443,8.944148041961113e-05
3429,0.002559728064068534
401,0.016148089812036547
976,0.0014016003226997942
4296,0.03350381239855333
6755,0.12269828991421325
2024,0.08061695255728145
290,0.0013483681818905542
1600,0.0015783509127148955
3194,0.002362412223276685
5168,0.0012451764685407834
2239,0.00018556192719503106
945,0.026038470840337054
345,0.0016346065351944014
3000,0.0029636571147734613
715,0.005256999790568164
742,0.00235059337450648
2553,0.061432723968312036
402,0.0019428992501159849
620,0.06510710980309063
3733,0.01763306842936405
2076,0.01842734677387842
1327,0.010548379337109667
1160,0.0014822968659796139
5704,0.0023391431841246393
1559,0.013225430971784455
22,0.0037517630299156546
4291,0.0061872435788346706
3064,0.018963584138717588
3936,0.0022788585696167482
1615,0.011949743372065115
570,0.03547184977239286
1828,0.0009404415293320394
615,0.017519971186167
4542,0.0015427236033057012
5745,0.0021912511547947013
395,0.00573110526150366
119,0.0033495325458915183
6101,0.01161784012727527
2726,0.008150446323638347
2881,0.011579195038364474
1049,0.9691598415616642
3370,0.34864919693363783
1749,0.012615851618302063
2076,0.000805342099372629
5715,0.010021714354893343
2129,0.0023695463092543263
324,0.0160834475331752
3049,0.0012330287016701562
2708,0.0006500937940906948
412,0.001987561997248266
3769,0.005039883054971221
2922,0.024871561202978964
3876,0.0040803759361138885
4190,0.06856065721652146
6218,0.0015425607158134173
1840,0.091067195659142
1,0.03716690532974435
3545,0.016691165754635074
1873,0.07007060367786842
1220,0.0066240227059460996
4633,0.013080934806001494
7353,0.016737318372023555
3840,0.0008317741897976099
3114,0.004234351366106107
2003,0.000516030389843947
4877,0.008678806581906366
1742,0.1428144060524083
2036,0.16300128211620482
949,0.01215901536535909
5394,0.02448045681376945
2363,0.008973117993516931
2408,0.029357412072390482
3136,0.00034005643123759586
2952,0.004309694504571305
949,0.013306299740063025
2860,0.001202384360082451
2316,0.1898358544934337
4990,0.0011248753556167886
2793,0.00308353372701587
790,0.00022313254883354796
7072,0.12942174257226877
1255,0.0042351741482611295
3883,0.05480560348574006
2966,0.01590393189082585
6160,0.01992468264447227
138,0.004713632793046105
1568,6.289890272205154e-05
3723,0.0009722028718524071
2779,0.0674677017792206
8218,0.0014408159498520306
1167,0.0007514668252547335
4539,0.0032221562155317486
3682,0.0005607834515795377
3994,0.7836594283599996
5554,0.0005117471249157348
1935,0.00153605944523303
3662,0.009350339372999067
2967,0.9193900293307549
2601,0.044251245527030365
6864,0.0006003335717856583
4511,0.3275773155733772
709,0.005871847426750438
1495,0.02082835190902743
4198,0.006324478339022396
1159,0.0050935685563046635
69,0.003961544064571972
419,0.0053947691143383545
1209,0.0009786998039315383
3893,0.0006775600294735074
4145,0.9542353146148423
996,0.06812472474822646
8,0.03550003847547167
205,0.005919859673198118
3944,0.0003712573135380519
5063,0.1274272331312583
536,0.0010862869437186955
4284,0.9084699045284144
3180,0.0024686483452598658
1484,0.013945046225804876
2618,0.004020995796294086
2717,0.011665847782079653
3884,0.2689169008237712
2718,0.009471140568340714
335,0.03269977539312846
7493,0.051391701910106835
2961,0.03865678817914654
2722,0.5956461512966947
1559,0.012741100491243312
7613,0.013081534850460253
5274,0.033076244640933034
1542,0.00022192633112422982
216,0.00415135991692763
2044,0.00046967405404396505
6775,0.0006272931528050159
2865,0.03157475685942976
5393,0.00032462085821220976
1496,0.017859626935920647
3778,0.003039765065718745
157,0.0033590247515936666
7706,0.00013619150803474987
4141,0.007972963795249786
4431,0.7728442000057196
4037,0.9762287567873932
3457,0.004668522515558137
2112,0.0029268585206539124
4512,0.1643758817498869
3019,0.0009795027363221577
1695,0.003785933964842548
3427,0.003896281076202983
4846,0.0013797203741991175
498,7.940617219835088e-05
368,0.010089093732114371
1712,0.00043378818740254146
4673,0.026401732428604656
2617,0.09661561972138012
673,0.0007782690997263909
7450,0.006378428929244885
5585,0.025061399294948963
1211,0.00126572049513603
4073,0.03818381780122113
3920,0.057908336080427246
5402,0.0002627127406889763
5775,0.0014112896193209216
4494,0.0014965665558512578
2736,0.024698570173834502
4209,0.030423452336458226
4957,0.002118874535448674
3946,0.005316019593740631
599,0.9509235182218022
4875,0.4196112903172846
927,0.001324477080770917
2703,0.0008274966099834593
1341,0.002423322219377559
2529,0.9599802023700214
3777,0.0002506783478018653
844,0.00512428683996472
5718,0.00195861776889033
1983,0.0029025052995992136
180,0.0007569310770215226
2117,0.00443034061312055
731,0.0012332827365137615
6597,0.011813735710413595
3921,0.0005749237115306276
2863,0.037364071972986294
1478,0.0069490864267297775
160,0.001023114225818654
882,0.00769775954914311
2801,0.002223201753263755
1180,0.6540058902951312
7650,0.0036207408799662907
872,0.08677432256129469
2121,0.0004563650439887949
2345,0.013551849992360601
1420,0.0014328339545625563
881,0.0028385075502816684
2546,0.001818839209210255
177,0.002304201993290742
337,0.01263309037673381
1588,0.008765108643460752
1052,0.04855294740918598
3837,7.584752038771142e-05
1499,0.01901356091353223
7548,0.021060629460094484
5601,0.001268803645638775
1085,0.0018773724558731344
446,0.0007090567057655711
4291,0.0030371547009842514
1033,0.010518142455923004
1274,0.14288074932848358
4320,0.0015661456706421613
434,0.02041859423273994
4975,0.0024628472944655264
3310,0.003779507560666195
268,0.024883422594075482
6317,0.010396806243612682
3463,0.024653489839654735
600,0.01809523832126756
1275,0.0006174188958506707
6465,0.0067607521875544824
806,0.010914871229237639
1669,0.025798505481352804
151,0.003243153486861871
1973,0.019306479653378297
3701,0.022174161706303323
262,0.07832622791670373
1209,0.003445105472504502
3162,0.13080740694020518
2037,0.9678502944011519
1162,0.001390796368110556
2256,0.00027916418931100056
7821,0.04041566611277323
3146,0.000678376635668636
4373,0.012725930564729235
4718,0.018549370741256236
1129,0.0012826732790048344
3117,0.005400921084430835
1208,0.005676917432599813
423,0.006293475596421707
2087,0.006792156694342443
2711,0.004894740943823723
951,0.0008495520435152332
3108,0.025863118636836012
6340,0.034014227186829046
2553,0.028298924304897694
5321,0.0455070762582814
3272,0.02743838914913529
2255,0.02628286811994285
1286,0.02606539685066222
4534,0.0017744559506284324
2194,0.003922126420347889
7054,0.0001936245017300947
6039,0.0036680278581860248
1235,0.007552979871933697
6098,0.017498937018367165
4343,0.017039869861288907
2882,0.0101845926614529
6193,0.02788247003279111
2300,0.013337925535195607
1702,0.0006672835101032754
1035,0.9284102750756024
3154,0.0014011166867437883
4407,0.005041153764294161
687,0.0002984342201974348
732,0.00730199311319098
231,0.017791784734832863
1744,0.0045954688290250085
1552,0.009160427313226069
3287,0.007287798901219688
4016,0.03768055034608804
6836,0.0005370543877462394
1627,0.1337620343243512
2210,0.0005737407859127779
4638,0.001575491492764322
802,0.0011767400351989682
2788,0.0023104663442626437
3742,0.09164871262394853
4555,0.0028713406343267417
183,0.02733679885284587
2389,0.000562432759159691
1435,0.02688872553627397
220,0.06470353579387755
637,0.0007908801397131423
1631,0.9609150431577463
123,0.02661241692459951
2719,0.010355456529455844
559,0.0030712938909870863
4851,0.012877046659901411
1533,0.001195026629935483
657,0.003881055811922979
6097,0.009406237121863578
336,0.005965549131639381
1055,0.00042077754041277106
1335,0.0003523040487862136
354,0.39742287538400733
4057,0.007899274338568359
4765,0.009270638786263814
1638,0.004996816959575139
1754,0.01932815864404216
1913,0.04943359545946094
1523,0.003025573876388811
5282,0.0009741994341264446
1829,0.013671115574602922
2967,0.6918482769920199
4471,0.0040491239147689454
1944,0.0063052180255130826
1378,0.0022383575150673293
2498,0.011606767851101079
1680,0.0012677426637708938
2014,0.0029477901765769905
4265,0.004538610977985844
2325,0.0005785050152614609
3920,0.014713971349227264
4986,0.000414510355721016
6193,0.02875081587497061
8025,0.0763213281214375
7578,0.004161936241581487
2881,0.018845821694214483
2644,0.012337957887667719
1258,0.0027334989948912952
1388,0.05140444788964222
7392,0.0023145663785430737
3396,0.007003512062774937
5837,0.0482299615727995
1730,0.0027661709921618155
2262,0.0014307255408323053
3917,0.011096596193584433
3615,0.23486274121969433
66,0.00865473477807365
1960,0.0011519959046368648
3892,0.09771860865813223
3798,0.051700298330310916
4077,0.0009195175062434814
3743,0.9083154219463245
3349,0.013475174802792707
883,0.10088709926786658
1749,0.01737442412360191
3000,0.008105332123219053
2884,0.027120118915279753
883,0.0423793404794428
963,0.0027698275872171034
1449,0.21020446868925988
523,0.0003191801789955809
1287,0.0013314673856523445
1018,0.00013999784809600938
1473,0.046099089234224774
1379,0.002442969123341062
6089,0.8955093855362148
3630,0.004972719451141392
2675,0.0009460860927602553
1823,0.007434738523960883
2006,0.0012447822041420401
552,0.003944146649117863
368,0.023481259758896745
781,0.015145565779746422
2928,0.00024704201071952645
3238,0.00047208423575329737
1815,0.004321076159172048
416,0.013162141193220154
3820,0.017611637320880117
583,0.004495001976908783
3905,0.04381881293842439
1376,0.0010117683355811188
3100,0.029127437485134133
3426,0.002847440554046966
2399,0.004096713466949389
5117,0.0027618652466334602
1851,0.04530839360903905
4073,0.004911171683049177
1051,0.009349235541224158
6248,0.00501739527047156
4624,0.009866476634223437
6699,0.01428498669534533
2568,0.01320317115737548
2180,0.009475751706072542
6496,0.18141495607599942
3726,0.0005090712727859706
3345,0.0011541553120464946
2286,0.02834195044197082
3385,0.008645974097810054
2705,0.04188816807795715
390,0.0011284636041978505
5529,0.006197618657845833
1892,0.0009815263026466852
571,0.003864013762114375
5164,0.003960205448618653
3021,0.007820951520102351
648,0.03758474909189243
1555,0.005151632882380199
4162,0.021368920065013928
5751,0.010605232773695593
4492,0.01213678820820264
799,0.00043720655687468535
3039,0.033690753704174375
3425,0.002839409578217308
3924,0.10139357493970248
1067,0.006465360502057132
2809,0.008865330071744542
2590,0.0011481918704330234
27,0.011726299436255746
980,0.002969099081777878
3025,0.008186079784946444
5194,0.01951167555254866
5772,0.0027867549892515177
155,0.0156004399453662
1627,0.23509451931987074
3502,0.0010212582543905394
5054,0.0035589964447566274
5647,0.00011904627486001376
1474,0.08567808746096882
640,0.0006628942221331963
4784,0.09373548197879474
4837,0.2551485780288801
2214,0.00586562023711818
5641,0.02093621136720801
2179,0.00012063021021481415
3394,0.0007264687406552705
4062,0.097448013645719
2883,0.00014149788034884163
3452,0.002299100352048228
26,0.037277825271323374
3273,0.03267491285285723
2704,0.002437530587392527
899,0.011993762300888644
3342,0.009660191074367051
6989,0.004270839864801587
3224,0.009676620079452814
3471,0.01470499646533408
844,0.038215789975351216
4035,0.021449469700465646
1989,0.0035051916439899603
282,0.0002489428586572377
3657,0.026860432895804226
3381,0.016995185447668246
3602,0.006047774666484268
3689,0.0017554929060183636
4811,0.0008575361437911802
3682,0.0005607834515795377
2397,7.625506058230155e-05
3608,0.08058570938355702
648,0.01489542658869983
3527,0.8878298878740983
4153,0.04086155610585793
4730,0.003368691462377653
1599,0.0015188029248950467
6718,0.014676607243831928
1973,0.1632821946880128
796,0.28660210536937997
2202,0.07747620484118928
4116,0.00443737109286671
1081,0.010531821557391843
1275,0.00031342306856747544
1491,0.002390926190922055
4719,0.058191758162277736
4265,0.004486024024111752
5572,0.03298857107071342
4110,0.0059260629708803355
3024,0.005708543428501635
4482,0.05786036274230146
5030,0.0790531554278377
387,0.00017829843403661946
2801,0.004150350102924157
399,0.000696054202258026
2699,0.004963022235830793
2591,0.01942627461439292
371,0.001862501571863793
836,0.002263075035413025
3893,0.00045007649184681023
2949,0.013929647660318508
3000,0.006178636301684089
2076,0.004762762031419878
2778,0.13350044413015272
2090,0.000827146517720438
929,0.001580016068823141
1781,7.93237616634384e-05
1027,0.04408859542092932
2660,0.0005513979473040936
3363,0.00010664832951531855
5190,0.00034176088024216386
2997,0.003519112987317476
4081,0.0010852794738023279
6031,0.8740966721373556
2327,0.01754727456644272
772,0.0012102183074656216
1444,0.002368568768228355
2049,0.0014729541434321128
4069,0.017503996692534374
2386,0.002496496165970138
4315,0.0004402418598641031
2570,0.017318896052412446
1472,0.0004679249097445532
2596,0.0008349193188264153
1997,0.005844124916521147
6136,0.00763949401936387
2763,9.702780988331499e-06
1435,0.15155537087565318
1913,0.023202124942692012
3799,0.0656068853004438
2364,0.004577328096669292
2952,0.004182082277722223
787,0.3167701785677461
6101,0.0027245360782197294
4488,0.0022080338005602555
888,0.011461156495465466
1174,0.001405181917660567
1234,0.05444114805437293
6465,0.006867399749897945
3993,0.0075023606672087705
3714,0.0010518335528122175
4896,0.04230035820010635
2062,0.018091717991124547
862,0.00686859832035248
1760,0.0033451180690338613
2991,0.00036225072481176675
4402,0.0020085214922160553
2227,0.007664110260734125
143,0.00638946098929129
1752,0.00044886463233303434
1542,0.00018365506248023788
498,0.0002652370338476286
4035,0.018376470450270955
5506,0.0022756768005748056
2415,0.0023943791397366162
951,0.0007754748317905983
2983,0.06327545754100886
2777,0.017089624938047106
2208,0.0024117771829676314
4494,0.0023628762987648387
5027,0.027668858754039256
3289,0.0025628306238226
4321,0.0073934176098705805
652,0.0020154498267823625
636,0.0023260159028839064
4693,0.011123140810749929
3759,0.016074790563916728
8150,0.0025153235070963023
2475,0.026560481867139822
6718,0.03491053768660806
960,0.00031206557378657326
91,0.002008695381296412
3716,0.04981946887798479
4620,0.006188786850929076
2690,0.031919263305851577
2528,0.002016665094655247
5555,0.0009968491292098067
5376,0.1159416622701667
3209,0.00013791904570485377
1005,0.010214705084861402
4645,0.0004267092534095396
154,0.015513770224631133
1096,0.01879080442910466
2128,0.02445753361850044
5249,0.003968429885698572
329,0.009104228396196856
2451,0.03508764540925906
820,0.0004795614576785864
4026,0.02694416097085736
2395,0.012551809469907015
343,0.0038616442530320944
5559,0.01804710087716749
1018,0.0003058578099456705
848,0.0005222036263434479
1532,0.008013179653082129
1403,0.009558389242071686
3471,0.008222784144217643
2053,0.003976514385356274
4315,0.0010976295588884001
224,0.21400806284792648
807,0.012429280572556808
6875,0.061351384608519015
285,0.0018935157185092104
722,0.005484412814030098
399,0.0008569812044028773
4353,0.0020348795236019043
5792,0.0007150186648261128
2043,0.003766198723532466
487,0.00836737753065891
1265,0.014085721396243589
5428,0.050370303930290836
7446,0.2126525552736265
4990,0.007236586694802362
491,0.02108826861197005
2471,0.005833296010920072
5711,0.007861032633878511
1040,0.00010991858039667174
3509,0.005195858314904731
5707,0.013936768140427916
1083,0.0049014495729979395
3002,0.009925160707279664
445,0.00024011082470345082
4465,0.01988380299382953
1697,0.021440618953865506
6541,0.038072304668820445
1559,0.010876078695592453
6329,0.35475658655356773
4062,0.16252466066618665
828,0.00969227325732511
5050,0.0072731801336089665
1604,0.004069807448464973
1349,0.002608349208686632
230,0.007486542369540922
5191,0.0025825426065365486
3413,0.0006244433725428437
2887,0.013773351159489942
1506,0.007579906822524024
3425,0.013847481051136083
1860,0.0006276052378692401
1038,0.014331563727154379
2773,0.0023739709462824474
1158,0.003076881174560034
1011,0.011422471680762152
1464,0.016433629817108556
84,0.17867293695135278
5281,0.0010667439666242186
2883,6.928627422266689e-05
3998,0.0006885743838746586
505,0.0030736581720211126
3324,0.034311506237892433
5,0.011237079735052133
968,0.014105472428152882
1931,0.0001777367156430617
4342,0.03869277018503123
5,0.005105486461927737
6719,0.8909061053529814
1624,0.9599348406430966
2422,0.9796269675553135
3185,0.005881515613490052
2652,0.040779823561472396
2451,0.05336090585401513
5196,0.0060757010155223735
1444,0.05187765973617202
4434,0.00032330756648635153
1349,0.002499318484726771
4738,0.004375914213315156
1782,4.075579268970758e-05
6135,0.02184567119191658
1481,0.04807944352100144
5963,0.3260507974103134
287,0.004359543706102862
2398,0.1064441515915592
703,0.0033758229801811967
4895,0.9931242451848844
6665,0.004305950156118296
2534,0.00120895311275893
1615,0.008747847523016094
6230,0.0004727946340980287
4109,0.0009526183672648479
3454,0.0010202680446305314
5911,0.4248918550530217
1608,0.01097106239475536
1702,0.00023492979873489164
2174,0.0807504363351079
6579,0.00047105508833370153
19,0.006856061708964164
5752,0.0030975504924142336
2387,0.0033104530514761277
1623,0.0049573062246645126
1489,0.006627444018408962
2266,0.0007788297197616284
2843,0.002026065308093086
4108,0.00028173399090866604
3258,0.030236406149403795
414,0.003385335040591677
7703,0.002837138293308528
3662,0.009531478405870356
2718,0.0024145051512962736
4709,0.0015949528230700424
582,0.0002777146176197354
423,0.02376374607870084
3071,0.0020380516673584145
2085,0.0017922037043364043
138,0.005234758239977743
5864,0.0005033064089894835
5662,0.004317869509603175
1422,3.175303972460425e-05
5143,0.029142549640506412
1257,0.1006092983275759
1857,0.003844392726040167
2608,0.04346403776547768
3972,0.00037574197476481077
5967,0.006461448750291876
384,0.005785460214428597
3599,0.006247718532974729
643,0.30802146097301225
1730,0.0027938737939787314
613,0.00658286582926855
3460,0.0026190920631320386
4282,0.0003185307778347041
2397,0.0018669750604678418
5506,0.018051948412657316
3691,0.0023955082012113785
885,0.009955359926391752
663,0.036568592953696175
87,0.01711715203718895
6264,0.02832241072668584
5612,0.009081007951668022
2954,0.02399760104414862
3294,0.006247367818725494
2433,0.015148379095692355
3869,0.009188182292767232
1157,0.0026996120262861812
1402,0.00653784383496716
5312,0.02799721063836476
2395,0.0030035160320516356
804,0.0015954879776444786
1892,0.0007565083064271638
6972,0.5779336350592827
7163,0.02093389384576666
4611,0.01472220731860635
5130,0.0018715570599477725
6039,0.0013504206444720274
324,0.020373590769196162
2730,1.9115554579497704e-05
176,0.008466667269061654
2758,0.001995117979234772
4170,0.01331749615990736
4982,0.0429554381628667
5234,0.37450532247425417
1852,0.007942733086125477
1089,0.005532348581906948
443,0.003055174445305118
1564,0.001763284885661582
4060,0.034623960489557626
3100,0.0008632647367102913
2653,0.0007694528975551181
940,0.001741277271614596
3270,0.0031195075194795983
890,0.03963935824615255
1897,0.006388914993317845
4467,0.006958230331038043
3247,0.021593659142554674
5434,0.05082051034673506
1835,0.00041332221753760635
2133,0.01100967261765241
6243,0.061829599969088295
1162,0.0007936990969000442
4391,0.029639833296876947
4741,0.009703627733899366
5676,0.9429764743827368
5598,0.11160080817830625
5611,0.007035286914955795
3882,0.23842142091558605
3973,0.00019686457183436197
687,0.00023001085199780144
238,0.0016135709558323923
6031,0.8587522471658172
3604,0.01231770471373498
3083,0.22862803120943637
1863,0.0008530163255816876
106,0.003168639140702556
613,0.0048518931210498155
3793,0.03420476830929244
5602,0.0006639560886304744
3936,0.0013019711702013006
5163,0.001193697752220645
3862,0.023188228201118013
2089,0.010641021334934645
2457,0.04984349033467541
5017,0.04409165201695779
1040,0.0002607158961058109
1727,0.020549505908578063
4163,0.00604817856482866
248,0.0016258274590533145
841,0.11682155415098606
2121,0.000450917166423233
147,0.08310515379355637
6503,0.00019367826412909625
5165,0.015813188572946096
431,0.0008746495878772542
7101,0.0015071384791834242
4889,0.013423630509676971
3928,0.008941514624439494
3129,0.006289980120658315
555,0.010219658660329159
4279,0.000614256746973924
4600,0.0009885547982455916
6896,0.00013484740734861586
6553,0.0009375686941602683
552,0.003118540841416028
3075,0.012685395647732207
2453,0.06337999709797192
692,0.0020338872904421233
4975,0.027728386466672125
5622,0.00021599531893017195
1907,0.004903935703476978
323,0.006429074130231776
3437,0.006317655914434955
2015,0.004630466407025579
641,0.000742269196654621
2770,0.018036627649720288
3070,0.012706217309379481
2171,0.038811734650859665
3173,0.001410556661420685
4859,0.005978992390344606
3349,0.012476799361358419
872,0.0035133834587945645
5920,0.011524095154991818
155,0.012913398679414293
1499,0.005389361308757239
2206,0.00030800897144243466
586,0.00493541943963078
6255,0.0015758812267348274
2481,0.019173914224173996
5730,0.028685766225495343
6408,0.0007432305590200661
3218,0.0006423233736500797
235,0.025418799563961127
6598,0.005624499003648302
3930,0.0003415284692520792
2259,0.11844486522652382
3345,0.004254578843249424
2150,0.04511427961467463
4943,0.02636921397844549
4573,0.0036611775962043136
1665,0.08409299615410462
1866,0.0009375508747596818
1541,0.023781233303297993
2621,0.006620499632349006
7548,0.004204513161715228
1471,0.0013456880837463053
2285,0.004010318695035357
6288,0.015228597712415002
24,0.02555331169866166
1576,0.07939789957244267
2883,8.522172942354986e-05
388,0.015728014479401253
1854,0.1259224789764327
4225,0.0010475591559065388
4174,0.019827315507650177
78,0.10010502133238332
6398,0.09436517260773539
1935,0.00021835419697465724
1944,0.0034140869922171468
3739,0.018293217366031744
2260,0.0038399962242641338
2427,0.08385693967573056
2660,0.001067410121966949
1866,0.003895658344725111
2900,0.046462416132763903
2435,0.02450140991550179
716,0.0014596696175734377
4484,0.006507945850498937
3605,0.03143680346545006
2035,0.0035934865270222985
6665,0.014547496825773141
4521,0.004326761353317218
2328,0.002653060054738315
4736,0.0185029986256941
824,0.00017839696468345705
1003,0.009502848512540569
445,0.00016379792116828483
4489,0.0006304516158139992
4323,0.0035560707362653717
4034,0.002165951661509068
3358,0.0034524535070020227
1226,0.0006283793612700612
342,0.001268823553773365
4894,0.007183164515809672
813,0.0004458678625686478
1051,0.10826384293491084
3358,0.0008872783964450037
288,0.0011378946072758795
1639,0.0015130620151317046
887,0.001118331953208452
3830,0.02819711601357295
2185,0.0008247595236239671
2088,0.009439109254449182
2444,3.421548935946576e-05
1859,7.699663078450421e-05
491,0.005015693417118806
2174,0.006466529861390998
3344,0.0004357713285712988
358,0.0023976047690567642
4788,0.004596834325519345
2179,4.580115821793685e-05
6284,5.4987977797765926e-05
1842,0.017030089464238514
2067,9.694612860550431e-05
2541,0.012822764817648135
775,0.015307386740598346
2348,0.011807491405271951
3864,0.00010565231742139324
264,0.015435615613228508
4329,0.06484346126540681
1199,0.0009913462112091116
1917,0.12958229000765947
1401,0.0003200878159626307
1033,0.00830789714217699
1976,0.0021103843713315314
766,0.00021682148669601684
2644,0.024440449218706774
5149,0.011568443648465716
200,0.06752906398686462
298,0.0050817903784236675
668,0.001856298410908062
6095,0.006000568692985706
5469,0.010830487367395244
804,0.0015562460714131905
1083,0.0005013836280370094
3210,0.0840001375758545
2607,0.10741511683361227
2464,0.15886164872826325
1238,0.0006568103170230055
4820,0.005275222239713556
5967,0.006246687918013363
2051,0.01867099624569431
732,8.593112369461354e-05
1368,0.00018828378740180584
479,0.048458378370810365
4745,0.011809650903818412
3631,0.0047571432727277615
4467,0.0006559786471164683
5107,0.006011611095368595
4471,0.0071383807633290716
2590,0.0019076668331230355
1293,0.002735394445188097
6159,0.0011683581055874131
263,0.0036076076110155768
1641,0.0056248962996890564
1138,0.0008849336186651139
2040,0.03107980778984738
332,0.0007587949050200144
2347,0.00347775034046374
1238,0.0002899533919164747
4140,0.00446996399758098
147,0.02768866290786701
1868,0.008249885237451675
3344,0.0020557638297318123
1693,0.002454665077363082
578,0.1266973956072579
6112,0.009350253582372611
341,0.03799270570234445
2260,0.003183767950583019
6980,0.011450196387034874
2492,0.003286256782265481
5197,0.00552865409693933
4410,0.025179271736074572
4002,0.09392992514474267
340,0.0017494848108849821
6936,0.0017095194841348438
593,0.0030786228677297835
3090,0.009671162381289842
3043,0.007251650568451542
5166,0.0004989967110825991
3353,0.0013876300003541338
2564,0.009673493274077046
6075,0.021828337950165637
540,6.209324871556946e-05
849,0.11354038571029035
3898,0.0033254415641541437
4891,0.0017062111589680677
6817,0.007030714565200095
6079,0.0003713601009385127
5224,0.004356455627272005
3724,0.33295760864046114
3354,0.00035012310186189775
6159,0.006066070616344272
7246,0.007535971364256735
2883,0.00014149788034884163
1878,0.0006692590143937947
2523,0.002587009097417052
5238,0.34402427789599205
2304,0.04220619068059019
5506,0.012149763761030687
5836,0.010358713863187007
4862,0.0014396442495803589
2082,0.0641405667927652
576,0.07317876557651892
2466,0.0015734112131697996
231,0.0009617655767069602
2281,0.0037565412855393825
2491,0.002404294861358134
1849,0.00011018438530419267
6412,0.06744781620824143
3920,0.003035806297925779
3511,0.1074905614814181
687,0.0002288710639021495
1999,0.0038135779947971876
1774,0.24707679007905475
1329,0.0011970696913308214
4409,0.017842630999686866
1064,0.029666405378511236
1624,0.9359519102431563
7973,0.0004055218402918196
2503,0.0037614475919685356
802,0.0006970738300450902
858,0.00394603968544736
2974,0.007241606463326245
442,0.09804537363491468
4891,0.00037435931790564733
831,2.8249260567382802e-05
476,0.06108961559889896
4159,0.008117198135079504
1827,0.001324195200960627
5416,2.89752683515135e-05
2281,0.004105994194940699
2021,0.001498121479142419
4684,0.006121566171188111
2325,0.0008143250766169637
483,9.142319414888189e-05
2798,0.1855814237317731
5342,0.004714064141045749
996,0.30742111918872034
612,0.0037931294460871816
3633,0.026834260269491057
123,0.048865937930708314
1894,0.0009013992173403603
1643,0.0043426108777523025
7078,0.023885832912199995
2783,0.005837538208432023
7802,0.05694857401808355
2766,0.005768116350173087
1544,0.002801915284625806
4494,0.0036769941169282673
2297,0.04699842793947524
4331,0.0013682140924086634
1977,0.012511175238526998
844,0.02122818787108302
328,0.009686118274340082
2052,0.003949759668292748
384,0.00248608144947349
739,0.03530311022061538
2941,0.0010900128770449265
6411,0.004151390544770715
3012,0.09214549927767242
35,0.0011434421529447777
3632,0.007142868218422558
5996,0.0027297238466389984
1179,0.04002515062772395
5501,0.0032309959293853126
4140,0.004707665738154401
170,0.03524821932460978
3923,0.007539577548657919
5539,0.017919790125885224
2135,0.04359918985440996
3682,0.0005607834515795377
5107,0.037179853133589735
5329,0.42656218922729205
7350,0.0007826948011545566
1392,0.0071029631370157715
1927,0.06247254283379538
2122,0.03344176919630296
3913,0.010689933046612567
1750,0.8024646150834011
5027,0.010496450246813262
1547,0.018604259059841286
3143,0.014975403801377274
4292,0.0015574917490631857
438,0.0012148892853711523
6407,0.01398494590562608
2983,0.9438623187401453
4573,0.01007981804427936
1140,0.001453966759718359
106,0.0006363389953469223
963,0.002252700482620697
5455,0.0005917276894233486
83,0.0008044155854832573
5024,0.0029639521507416125
271,0.016497501673457624
3561,0.36647881102770996
3489,0.007031034774379914
1741,0.0002132392583538402
1840,0.01480896482331353
806,0.008151079687102786
6360,0.9887751915315277
2564,0.0268819957519219
1490,0.0020874401957909163
1750,0.524799878094961
5716,0.0008036131563681871
1979,0.021338757712760646
6016,0.005908611783894123
3151,0.06846531675387732
1898,0.9817408058279081
697,0.0013929678594997309
1087,0.01303447874266217
2161,0.055675274349363583
7067,0.0013306510422729722
4465,0.011759995907436907
1356,0.006592860985048484
1921,0.002561762935609765
4595,0.012499242584059813
1769,0.0523163824072703
943,0.006126769268850166
3654,0.004623421637883427
5253,0.1417522810161806
6167,0.01632346410924974
4994,0.05716071174168736
39,0.0031561066967440766
1639,0.0010189040033498108
5551,0.05772849683018458
1986,0.0015840921158525594
1055,0.00011596162103229246
618,0.017874479603564173
1190,0.03187366548128957
1214,0.051670917257821525
5752,0.00217697281265237
1772,0.0011242254313496047
3367,0.0005718732278939976
3584,0.06253491439389422
3485,0.003962751971862016
552,0.0015326781443184801
59,0.041300619459084205
1742,0.1309598016521586
433,0.0029809243036439006
130,0.0014301508378700828
2403,0.024700553139148596
4730,0.0010086381248468773
486,0.03738815920612184
4616,0.019329425574758655
216,0.08352671407948614
50,0.012830352049052089
3152,0.005631302039351315
3482,0.00014396708333186474
1741,0.00011538575776912275
286,0.017927656979078974
1492,0.23207483982128105
6264,0.011142692027257572
76,0.0016948793252310574
3486,0.0024551329539687673
4837,0.010057465704978443
4046,0.09541255295091537
6240,0.01740705818193683
377,0.1175054664821419
2861,0.007492024511792385
905,0.0002054056676524861
111,0.004860042444827154
10,0.0026433866051328915
2481,0.005937591002275178
808,0.004517463113381571
7257,0.0007422355875955198
2647,0.010068250702524399
4275,0.016708005643818958
1496,0.004605066226046812
597,0.01184719127213227
5885,0.1941991460258967
1350,0.009959214635308616
1426,0.0012366268416696654
5253,0.020748685963178443
2090,0.0007340823386360685
449,0.9574741601974676
4403,0.7434579067802951
3003,0.0013323731997628779
2299,0.052497090782758396
1577,0.9260424787019437
7147,0.08921212681564239
5359,0.0008655883989382917
5057,0.026811458250899627
5191,0.0005781708547361361
4656,0.004343002601832268
437,0.09531308835347672
6340,0.034324377011852814
3316,0.0025100043424368043
372,0.0057560292228018
3347,0.012228483502478606
1693,0.004485628099890411
2774,0.0006117816862184911
1583,0.0013681388112907862
717,0.007972633072411646
5154,0.006358889646835893
3529,0.0035744315677605867
2565,0.043496197262328694
1183,0.02448940285739219
1840,0.015546296361342131
241,0.004714622764694121
2122,0.057324019646536786
3841,0.027459075367948418
2978,0.003906621131129427
3057,0.004889111269666673
1023,0.0005620705348267716
2387,0.030479402958522448
1955,0.000490567483892657
3717,0.01907654723759354
1683,0.018308808562406742
2231,9.91709286371677e-05
561,0.08289878836454417
663,0.036568592953696175
2841,0.0011432285867425723
2097,0.0017146563778494591
808,0.017956868051680012
1945,0.0036242321184826623
4056,0.01165031483074162
867,0.004499062197948508
219,0.0024663098086401087
4149,0.015346837810406763
2729,0.0041601269315359206
2645,0.0017383066044125441
3070,1.6188782097144905e-05
5273,0.0006610739312547937
700,0.013586202376644962
792,0.009896031807614055
309,0.00011001512040897379
7246,0.02534812326477945
1627,0.08946270496224662
179,0.019580181527995698
3308,0.00039782417964122027
265,0.003784934292958908
5059,0.0009445456112120764
2180,0.002713273343023933
130,0.002794516410120554
2720,0.05236051565508913
4127,0.00023082182824991015
1613,0.0022264245595572953
2945,0.0012803756924002238
1426,0.0012366268416696654
969,0.046442981567510165
1907,0.00398238404519376
766,0.00013059174931473434
181,0.00014395789457819782
1133,0.004356691796962745
548,0.03150149431233477
7570,0.15234861696869226
3221,0.0014919103777013263
187,0.0004457694312998942
6141,0.10345228773033073
5659,0.016756582933692872
5397,0.14373774029410358
1868,0.03529608246463919
3723,0.009312743592148363
944,0.008349992123897915
2808,0.0017568899984909013
176,0.006511293253738715
635,0.029952045622149585
5537,0.031024716178180665
1764,0.003788466583376176
645,0.007164401287014097
1712,0.0006778496365569505
5351,0.009344664576647984
540,8.140749068143261e-05
5195,0.0018344042977205513
762,0.0003475571479323535
1184,0.0013349603165048786
3194,0.0022719563710453653
184,0.0016269949643697515
3631,0.019337245770295965
944,0.003962617009825557
1205,0.013996326077421682
7656,0.011095163273881603
2484,0.4332975795430438
6096,0.0037647423574769115
1895,0.0038878908809239325
1440,0.001078449089550001
2457,0.044317759331323335
1502,3.657251994376615e-05
1379,0.022515314529166504
3272,0.02066093122297949
24,0.026781300538534537
4284,0.6342969692684386
2052,0.0029685104404181353
3653,0.005099728545393635
2121,0.0004552021508966315
2127,0.000403636993817504
5021,0.01294301347050337
667,0.0019112474987897584
2269,0.058180760270058335
820,0.0005581626754846778
2872,0.049307978454544134
2076,0.007295473796031111
746,0.00028945799999065345
2516,0.0012409049982796314
359,0.012088378972076423
5669,0.006816203313219285
6239,0.003610333090036259
1976,0.01089303969813962
1534,0.017225793065204255
1448,0.0049532077925200655
4994,0.06277569270611359
3357,0.01688754444143325
1236,0.001174558737610275
742,0.0016266019489409003
2598,0.0001748145040990487
1157,0.0027654786151024985
4036,0.002183490560927153
50,0.05791322898725801
3204,0.001981734235559484
1664,0.0020811401695331054
4403,0.779190279693023
2482,0.0011272615497857528
1449,0.014254801081774137
3997,0.03326963338006539
4938,0.0033174688339313234
4205,0.0015910647973683234
3916,0.0022951539907902353
1547,0.01660154234402072
6514,0.012362500965755748
6700,0.005098388338905412
2535,0.0016422843546716873
5551,0.011336548173691811
6628,0.0015192443701939739
197,0.0016941151009411018
4124,0.017412580786294547
115,0.014839390016199685
8065,0.00022681248808350515
4965,0.0013710549212104894
1701,0.01976798033726732
6804,0.07259225946362882
5193,3.757284528054351e-05
2311,0.0032195522612595245
784,0.0074696360998440904
3527,0.7770052214675333
1955,0.001472919257180835
3965,0.034491747989207525
4828,0.05412948417526994
510,0.001669562683590337
1477,0.060995501147024435
2763,6.824495748610403e-05
162,0.0049199016577823095
2930,0.012682249666715485
3825,0.019076969096963315
453,0.0018305518244134582
15,0.008580468077267239
1526,0.00548846570484228
4334,0.13264993181758866
2162,0.012888216905612643
3788,0.004795743612921063
7675,0.011388358402018562
2631,0.008442349938059635
4630,0.01799476308306706
151,0.0035189525349624147
241,0.04032930039466115
764,0.005853146329071414
4076,0.014418593438007207
4340,7.328425820563172e-05
2529,0.6827090542514143
1548,0.007081205515562371
3705,0.005294168452971167
683,0.028057384970617022
323,0.002642008777960019
4655,0.001059091336245003
3785,0.0006322330391991524
2127,0.0018722222305800032
1234,0.003958776051269709
4021,0.01765785098383067
3609,0.004169613799933125
285,0.001723473996510286
2909,0.002662410287513336
5379,0.021642324011970294
1193,0.0010732134653303708
461,0.0026058489416284766
5281,4.442564341022817e-05
4630,0.013902555118298928
3788,0.0034560459377757993
4879,0.008448525859906426
1454,0.004258644854326632
107,0.11079740059925934
1559,0.08358062704898234
1036,0.1109751676210519
3773,0.10051828022441218
5304,0.001422355948762654
2601,0.02438086010974002
1,0.02525306877753257
548,0.020042525919836487
5382,0.0015409518602176877
1158,0.003076881174560034
5336,0.0014979256704186455
1985,0.007350853107639144
4780,0.0010235425987876576
883,0.05201104650515496
4839,0.03762140452947974
7185,0.003478728649627746
408,0.003492451233823092
1946,0.013098018248882723
1052,0.04690774660266822
530,0.046427883905295925
5267,0.003809900007677654
1560,0.6705275773000289
1815,0.00340629724953852
526,0.0032118510635563667
309,9.90209785929783e-05
3527,0.6859474677148837
1892,0.0007850675227859551
964,0.0001966411041159826
595,0.01777813351673789
2483,0.005996666151890637
3645,0.11682952371614606
4176,0.004731846619024903
6338,0.020989798954114743
4311,0.006815396863630792
2207,0.003331147477497246
5462,0.0015159069654089026
3419,0.001966494069247542
3948,0.004875509551923437
3421,0.00035522360445284384
1697,0.008332061116907185
1831,0.15186774924200744
187,0.022404463376911356
2719,0.014137512375229581
258,0.002034780021773129
742,0.003990618340878266
5751,0.008835659023525608
4069,0.014288126281979464
5819,0.0043629515432131935
207,0.07295238687736195
8177,0.0026020583081292105
5143,0.06851319798343138
2986,0.037036538937570716
5295,0.020111523138992858
1823,0.0030341303443938445
3997,0.024330944780103184
1387,0.020384588881482656
842,0.008184655603384475
5551,0.010182398023217498
6135,0.019624593812644434
774,0.0014054561965181718
2209,0.004562092685815286
3678,0.008089267030343296
4798,0.0030029568213761773
4317,0.002063320565533704
2870,0.002977636373480686
3041,0.0013658102341905036
1019,0.016004544729322
421,4.94985769140868e-05
3875,0.0033667475315771475
665,3.440251421604253e-05
4821,0.0009993801814406676
3673,0.026619547708590114
653,0.01626721526849816
4070,0.00037008865042065876
928,0.007169577181615911
1260,0.00010127887088749553
4272,0.01152663405972471
3151,0.06326930988416056
3953,0.004910842515475163
6069,0.050875041191729684
1010,0.00024677001971821084
362,0.025092922458048887
1907,0.2565233104867955
5397,0.11422842898910388
2224,0.0005428097934554406
4219,0.0047612598418660754
641,0.0023099553394403827
728,0.11633175585132019
5851,0.17356981664091448
1294,0.032682961971047246
2819,0.019812245580027588
1409,0.001491726160396875
1828,0.0002503773013534725
6,0.004206092442313854
1015,0.01047789408751722
5888,0.03754650102882771
4016,0.013459182647162882
2020,0.00021079158559728236
2398,0.19015474742274524
3647,0.008422523402112879
2729,0.004622001425991134
4423,0.0004991549124199848
3347,0.002660815944275958
3331,0.002501891513346324
1232,0.03499031980281451
5775,0.0011631242759593753
3158,0.0010529176425132594
1184,0.013153848623091607
3475,0.013467710786565066
940,0.00096620710069928
2684,0.011329943515314826
6114,0.001091367126169784
